リンク,タイトル,社名
https://www.green-japan.com/job/43956,【★見学歓迎★アートディレクター（名古屋勤務）】デザイナーからの転向歓迎◎様々な業界の案件を担当！リモートワークOK！,株式会社 ライオンハート
https://www.green-japan.com/job/35155,【CTO候補】価格データサービスの企画開発から新サービスまで,バリュース 株式会社
https://www.green-japan.com/job/43638,【営業】好条件で稼げます。5年後は幹部に。700社導入のクラウドサービスixMark提案営業,株式会社 フェアーウェイ
https://www.green-japan.com/job/41936,【企画提案営業】新規開拓なし★クリエイティブな営業をしませんか？,株式会社 アドラボ
https://www.green-japan.com/job/44018,【WEBマーケティング】自ら戦略立案し実行まで行うウェブマーケティング担当者を募集！,株式会社 Jコンテンツ
https://www.green-japan.com/job/43696,フロントエンドエンジニア,株式会社 アイ・エム・ジェイ
https://www.green-japan.com/job/43129,【WEB広告営業・リーダー候補】急成長中の事業を更に飛躍させるため、営業組織の強化をお任せします！,株式会社 INK
https://www.green-japan.com/job/44649,他言語経験者OK！月間250万人が利用する急成長自社サービスのWebエンジニア募集！,株式会社 Cluex
https://www.green-japan.com/job/41193,"【サーバーサイドエンジニア】全世界利用者数3,500万を超える『モンスト』を生み出したXFLAGでサーバーサイドエンジニア募集！",株式会社 ミクシィ
https://www.green-japan.com/job/38159,【フロントエンドエンジニア】モダン開発環境 × 月間数億円規模を誇る自社ライブ配信系サービスの開発を担当！,株式会社 リアズ
