タイトル,リンク,社名,会社URL
[少数限定/インターン生]経験者求む！基幹プロダクトの成長に社員と同じ裁量で取り組んでみませんか？,https://www.wantedly.com//projects/72688?list=1,株式会社リクルートホールディングス,http://www.recruit.jp/
様々な業務・開発言語にチャレンジ！Web・オープン系エンジニア募集！,https://www.wantedly.com//projects/9339?list=2,ソリッドシード株式会社,http://www.solidseed.co.jp/
10年先の未来の世界を創り出す！「人とロボットの共生」を目指すAI・自然言語処理エンジニア,https://www.wantedly.com//projects/37452?list=3,TIS株式会社,http://www.tis.co.jp/
シェアしたくなる！ フード動画コンテンツ制作スタッフ募集,https://www.wantedly.com//projects/52291?list=4,BuzzFeed Japan株式会社,http://www.buzzfeed.com/
営業・マーケティング・統計分析など、総合的に能力を高めたい方Wanted,https://www.wantedly.com//projects/57835?list=5,株式会社ジェイイエーガー,http://jaeger.jp/
人生の脚本家は自分自身！,https://www.wantedly.com//projects/62812?list=6,株式会社オアシスグループ,http://www.oasis-group.jp/
新しいアイディアがある！そんなWebエンジニア募集！！,https://www.wantedly.com//projects/74936?list=7,株式会社シャフト,http://www.shaft.bz
女性の人生に寄り添うNo.1メディア作りませんか？ ウートピの編集者を募集,https://www.wantedly.com//projects/74739?list=8,株式会社ザッパラス,http://www.zappallas.com/
《飲食総合職》パティシエだけじゃ物足りない！そんなあなたをfavyが救う！,https://www.wantedly.com//projects/74834?list=9,株式会社favy,https://www.favy.jp/
スタンフォード発スタートアップの日本市場担当！マーケインターン募集！,https://www.wantedly.com//projects/73780?list=10,TopAdmit Education Consulting,http://www.topadmit.com/jp/aboutus
京花街にあるインターナショナルな町屋ゲストハウスで働きませんか？ ,https://www.wantedly.com//projects/74931?list=11,株式会社 COTO,http://coto.mosaichostel.jp
日本一のサービスを一緒に作ってくれる方募集！！,https://www.wantedly.com//projects/72493?list=12,株式会社KAZE＆Co.,http://kaze-www.co.jp/
ファッション動画メディア『MINE』の企画編集メンバーWANTED！！,https://www.wantedly.com//projects/74928?list=13,株式会社３ミニッツ,http://www.3minute-inc.com
[少数限定/インターン生]経験者求む！基幹プロダクトの成長に社員と同じ裁量で取り組んでみませんか？,https://www.wantedly.com//projects/72688?list=1,株式会社リクルートホールディングス,http://www.recruit.jp/
様々な業務・開発言語にチャレンジ！Web・オープン系エンジニア募集！,https://www.wantedly.com//projects/9339?list=2,ソリッドシード株式会社,http://www.solidseed.co.jp/
急成長するFintechサービスを支えるインフラエンジニアWanted！,https://www.wantedly.com//projects/7727?list=3,株式会社マネーフォワード,http://corp.moneyforward.com/
